<?xml version="1.0"?>
<libraries>
  <library>
    <location>../boost/scss/bootstrap</location>
    <name>Twitter Bootstrap</name>
    <description>HTML, CSS, and JavaScript framework for developing responsive, mobile-first projects on the web.</description>
    <version>4.6.2</version>
    <license>MIT</license>
    <repository>https://github.com/twbs/bootstrap</repository>
    <copyrights>
      <copyright>2011-2021 Twitter, Inc</copyright>
      <copyright>2011-2021 The Bootstrap Authors</copyright>
    </copyrights>
    <customised/>
  </library>
  <library>
    <location>../boost/amd/src/bootstrap/alert.js</location>
    <name>bootstrap-alert</name>
    <description>HTML, CSS, and JavaScript framework for developing responsive, mobile-first projects on the web.</description>
    <version>4.6.2</version>
    <license>MIT</license>
    <repository>https://github.com/twbs/bootstrap</repository>
    <copyrights>
      <copyright>2011-2021 Twitter, Inc</copyright>
      <copyright>2011-2021 The Bootstrap Authors</copyright>
    </copyrights>
    <customised/>
  </library>
  <library>
    <location>../boost/amd/src/bootstrap/button.js</location>
    <description>HTML, CSS, and JavaScript framework for developing responsive, mobile-first projects on the web.</description>
    <version>4.6.2</version>
    <license>MIT</license>
    <licenseversion></licenseversion>
    <repository>https://github.com/twbs/bootstrap</repository>
    <copyrights>
      <copyright>2011-2021 Twitter, Inc</copyright>
      <copyright>2011-2021 The Bootstrap Authors</copyright>
    </copyrights>
    <customised/>
  </library>
  <library>
    <location>../boost/amd/src/bootstrap/carousel.js</location>
    <name>bootstrap-carousel</name>
    <description>HTML, CSS, and JavaScript framework for developing responsive, mobile-first projects on the web.</description>
    <version>4.6.2</version>
    <license>MIT</license>
    <repository>https://github.com/twbs/bootstrap</repository>
    <copyrights>
      <copyright>2011-2021 Twitter, Inc</copyright>
      <copyright>2011-2021 The Bootstrap Authors</copyright>
    </copyrights>
    <customised/>
  </library>
  <library>
    <location>../boost/amd/src/bootstrap/collapse.js</location>
    <name>bootstrap-collapse</name>
    <description>HTML, CSS, and JavaScript framework for developing responsive, mobile-first projects on the web.</description>
    <version>4.6.2</version>
    <license>MIT</license>
    <repository>https://github.com/twbs/bootstrap</repository>
    <copyrights>
      <copyright>2011-2021 Twitter, Inc</copyright>
      <copyright>2011-2021 The Bootstrap Authors</copyright>
    </copyrights>
    <customised/>
  </library>
  <library>
    <location>../boost/amd/src/bootstrap/dropdown.js</location>
    <name>bootstrap-dropdown</name>
    <description>HTML, CSS, and JavaScript framework for developing responsive, mobile-first projects on the web.</description>
    <version>4.6.2</version>
    <license>MIT</license>
    <repository>https://github.com/twbs/bootstrap</repository>
    <copyrights>
      <copyright>2011-2021 Twitter, Inc</copyright>
      <copyright>2011-2021 The Bootstrap Authors</copyright>
    </copyrights>
    <customised/>
  </library>
  <library>
    <location>../boost/amd/src/bootstrap/modal.js</location>
    <name>bootstrap-modal</name>
    <description>HTML, CSS, and JavaScript framework for developing responsive, mobile-first projects on the web.</description>
    <version>4.6.2</version>
    <license>MIT</license>
    <repository>https://github.com/twbs/bootstrap</repository>
    <copyrights>
      <copyright>2011-2021 Twitter, Inc</copyright>
      <copyright>2011-2021 The Bootstrap Authors</copyright>
    </copyrights>
    <customised/>
  </library>
  <library>
    <location>../boost/amd/src/bootstrap/popover.js</location>
    <name>bootstrap-popover</name>
    <description>HTML, CSS, and JavaScript framework for developing responsive, mobile-first projects on the web.</description>
    <version>4.6.2</version>
    <license>MIT</license>
    <repository>https://github.com/twbs/bootstrap</repository>
    <copyrights>
      <copyright>2011-2021 Twitter, Inc</copyright>
      <copyright>2011-2021 The Bootstrap Authors</copyright>
    </copyrights>
    <customised/>
  </library>
  <library>
    <location>../boost/amd/src/bootstrap/tools/sanitizer.js</location>
    <name>bootstrap-sanitizer</name>
    <description>HTML, CSS, and JavaScript framework for developing responsive, mobile-first projects on the web.</description>
    <version>4.6.2</version>
    <license>MIT</license>
    <repository>https://github.com/twbs/bootstrap</repository>
    <copyrights>
      <copyright>2011-2021 Twitter, Inc</copyright>
      <copyright>2011-2021 The Bootstrap Authors</copyright>
    </copyrights>
    <customised/>
  </library>
  <library>
    <location>../boost/amd/src/bootstrap/scrollspy.js</location>
    <name>bootstrap-scrollspy</name>
    <description>HTML, CSS, and JavaScript framework for developing responsive, mobile-first projects on the web.</description>
    <version>4.6.2</version>
    <license>MIT</license>
    <repository>https://github.com/twbs/bootstrap</repository>
    <copyrights>
      <copyright>2011-2021 Twitter, Inc</copyright>
      <copyright>2011-2021 The Bootstrap Authors</copyright>
    </copyrights>
    <customised/>
  </library>
  <library>
    <location>../boost/amd/src/bootstrap/tab.js</location>
    <name>bootstrap-tab</name>
    <description>HTML, CSS, and JavaScript framework for developing responsive, mobile-first projects on the web.</description>
    <version>4.6.2</version>
    <license>MIT</license>
    <repository>https://github.com/twbs/bootstrap</repository>
    <copyrights>
      <copyright>2011-2021 Twitter, Inc</copyright>
      <copyright>2011-2021 The Bootstrap Authors</copyright>
    </copyrights>
    <customised/>
  </library>
  <library>
    <location>../boost/amd/src/bootstrap/toast.js</location>
    <name>bootstrap-toast</name>
    <description>HTML, CSS, and JavaScript framework for developing responsive, mobile-first projects on the web.</description>
    <version>4.6.2</version>
    <license>MIT</license>
    <repository>https://github.com/twbs/bootstrap</repository>
    <copyrights>
      <copyright>2011-2021 Twitter, Inc</copyright>
      <copyright>2011-2021 The Bootstrap Authors</copyright>
    </copyrights>
    <customised/>
  </library>
  <library>
    <location>../boost/amd/src/bootstrap/tooltip.js</location>
    <name>bootstrap-tooltip</name>
    <description>HTML, CSS, and JavaScript framework for developing responsive, mobile-first projects on the web.</description>
    <version>4.6.2</version>
    <license>MIT</license>
    <repository>https://github.com/twbs/bootstrap</repository>
    <copyrights>
      <copyright>2011-2021 Twitter, Inc</copyright>
      <copyright>2011-2021 The Bootstrap Authors</copyright>
    </copyrights>
    <customised/>
  </library>
  <library>
    <location>../boost/amd/src/bootstrap/util.js</location>
    <name>bootstrap-util</name>
    <description>HTML, CSS, and JavaScript framework for developing responsive, mobile-first projects on the web.</description>
    <version>4.6.2</version>
    <license>MIT</license>
    <repository>https://github.com/twbs/bootstrap</repository>
    <copyrights>
      <copyright>2011-2021 Twitter, Inc</copyright>
      <copyright>2011-2021 The Bootstrap Authors</copyright>
    </copyrights>
    <customised/>
  </library>
  <library>
    <location>../boost/amd/src/index.js</location>
    <name>bootstrap-util</name>
    <description>HTML, CSS, and JavaScript framework for developing responsive, mobile-first projects on the web.</description>
    <version>4.6.2</version>
    <license>MIT</license>
    <repository>https://github.com/twbs/bootstrap</repository>
    <copyrights>
      <copyright>2011-2021 Twitter, Inc</copyright>
      <copyright>2011-2021 The Bootstrap Authors</copyright>
    </copyrights>
    <customised/>
  </library>
  <library>
    <location>../boost/scss/fontawesome</location>
    <name>Font Awesome - http://fontawesome.com</name>
    <description>Font Awesome CSS, LESS, and Sass files. Font Awesome is the Internet's icon library and toolkit, used by millions of designers, developers, and content creators.</description>
    <version>6.5.2</version>
    <license>(MIT)</license>
    <repository>https://github.com/FortAwesome/Font-Awesome</repository>
    <copyrights>
      <copyright>2023 Fonticons, Inc</copyright>
    </copyrights>
  </library>
  <library>
    <location>scss/fontawesome</location>
    <name>Font Awesome - http://fontawesome.com</name>
    <description>Font Awesome is the Internet's icon library and toolkit, used by millions of designers, developers, and content creators.</description>
    <version>6.6.0</version>
    <license>(MIT)</license>
    <repository>https://github.com/FortAwesome/Font-Awesome</repository>
    <copyrights>
      <copyright>2024 Fonticons, Inc</copyright>
    </copyrights>
  </library>
  <library>
    <location>./amd/src/jqueryeasing.js</location>
    <name>jQuery Easing - http://gsgd.co.uk/sandbox/jquery/easing/</name>
    <license>Open source under the BSD License.  Copyright  2008 George McGinley Smith.</license>
    <version>1.4.1</version>
    <licenseversion></licenseversion>
  </library>
  <library>
    <location>./amd/src/flexslider.js</location>
    <name>jQuery FlexSlider - https://github.com/woocommerce/FlexSlider</name>
    <license>GPL.  Copyright 2012 WooThemes.  Contributing Author: Tyler Smith.</license>
    <version>2.7.2</version>
    <licenseversion>2.0</licenseversion>
  </library>
  <library>
    <location>./amd/src/pace.js</location>
    <name>Pace - https://github.com/CodeByZach/pace</name>
    <license>MIT</license>
    <version>1.2.4</version>
    <licenseversion></licenseversion>
  </library>
</libraries>
